bigram,valid_start,valid_middle,valid_end,start_count,middle_count,end_count
aa,Y,Y,Y,2,175,152
ab,Y,Y,N,116,227,1
ac,Y,N,N,3,1,0
ad,Y,Y,N,130,653,1
ae,N,Y,Y,1,346,333
af,Y,Y,N,103,296,0
ag,Y,Y,N,301,755,0
ah,Y,Y,N,116,130,0
ai,N,Y,N,0,40,1
aj,N,N,N,0,0,0
ak,Y,Y,N,217,695,0
al,Y,Y,N,136,517,0
am,Y,Y,Y,266,579,137
an,Y,Y,Y,142,740,2
ao,N,Y,Y,1,2,2
ap,Y,Y,N,17,11,0
aq,N,N,N,0,0,0
ar,N,Y,Y,0,17,4
as,Y,Y,Y,151,318,12
at,Y,Y,Y,149,687,2
au,N,N,N,0,0,0
av,Y,Y,N,67,132,0
aw,Y,Y,N,30,1395,0
ax,Y,Y,N,30,169,0
ay,Y,Y,N,33,142,0
az,Y,Y,N,23,71,0
aà,N,N,N,0,0,0
aá,N,N,N,0,0,0
aã,N,Y,Y,0,2,2
aç,N,Y,N,0,6,0
aè,N,N,N,0,0,0
aé,N,N,N,0,0,0
aì,N,N,N,0,0,0
aí,N,N,N,0,0,0
aò,N,N,N,0,0,0
aó,N,N,N,0,0,0
aô,N,N,N,0,0,0
aõ,N,N,N,0,0,0
aĩ,N,N,N,0,0,0
aŋ,Y,Y,Y,32,138,5
aũ,N,N,N,0,0,0
aƒ,Y,Y,N,68,156,0
aɔ,N,N,N,0,1,0
aɖ,Y,Y,N,157,453,0
aɛ,N,N,N,0,0,0
aɣ,Y,Y,N,3,55,0
aʋ,Y,Y,N,138,80,0
aẽ,N,N,N,0,0,0
ba,Y,Y,Y,29,427,101
bb,N,N,N,0,0,0
bc,N,N,N,0,0,0
bd,N,N,N,0,1,0
be,Y,Y,Y,30,528,160
bf,N,N,N,0,0,0
bg,N,N,N,0,1,0
bh,N,N,N,0,0,0
bi,Y,Y,Y,30,187,28
bj,N,Y,N,0,2,0
bk,N,N,N,0,0,0
bl,Y,Y,N,104,580,0
bm,N,N,N,0,0,0
bn,N,N,N,0,1,0
bo,Y,Y,Y,30,143,22
bp,N,N,N,0,0,0
bq,N,N,N,0,0,0
br,N,N,N,0,1,0
bs,N,N,N,0,0,0
bt,N,N,N,0,1,0
bu,Y,Y,Y,44,227,46
bv,N,N,N,0,0,0
bw,N,N,N,0,0,0
bx,N,N,N,0,0,0
by,N,N,N,0,0,0
bz,N,N,N,0,0,0
bà,N,N,N,0,0,0
bá,N,N,N,0,0,0
bã,N,Y,Y,1,83,32
bç,N,N,N,0,0,0
bè,N,N,N,0,0,0
bé,N,N,N,0,1,0
bì,N,N,N,0,0,0
bí,Y,N,N,2,0,0
bò,N,N,N,0,0,0
bó,N,N,N,0,0,0
bô,N,N,N,0,0,0
bõ,N,N,N,0,0,0
bĩ,N,N,N,0,0,0
bŋ,N,N,N,0,0,0
bũ,N,N,N,0,0,0
bƒ,N,N,N,0,0,0
bɔ,Y,Y,Y,18,491,173
bɖ,N,N,N,0,1,0
bɛ,N,Y,Y,0,27,11
bɣ,N,N,N,0,0,0
bʋ,N,N,N,0,0,0
bẽ,N,Y,N,0,2,1
ca,N,Y,N,1,5,0
cb,N,N,N,0,0,0
cc,N,N,N,0,0,0
cd,N,N,N,0,0,0
ce,N,Y,N,0,5,0
cf,N,N,N,0,0,0
cg,N,N,N,0,0,0
ch,N,N,N,0,0,0
ci,N,Y,N,0,4,0
cj,N,N,N,0,0,0
ck,N,N,N,0,0,0
cl,N,N,N,0,0,0
cm,N,N,N,0,0,0
cn,N,N,N,0,0,0
co,Y,Y,N,7,2,0
cp,N,N,N,0,0,0
cq,N,N,N,0,0,0
cr,N,N,N,0,1,0
cs,N,N,N,0,0,0
ct,N,N,N,0,0,0
cu,N,N,N,0,1,0
cv,N,N,N,0,0,0
cw,N,N,N,0,0,0
cx,N,N,N,0,0,0
cy,N,N,N,0,0,0
cz,N,N,N,0,0,0
cà,N,N,N,0,0,0
cá,N,N,N,0,0,0
cã,N,N,N,0,0,0
cç,N,N,N,0,0,0
cè,N,N,N,0,0,0
cé,N,N,N,0,0,0
cì,N,N,N,0,0,0
cí,N,N,N,0,0,0
cò,N,N,N,0,0,0
có,N,N,N,0,0,0
cô,N,N,N,0,0,0
cõ,N,N,N,0,0,0
cĩ,N,N,N,0,0,0
cŋ,N,N,N,0,0,0
cũ,N,N,N,0,0,0
cƒ,N,N,N,0,0,0
cɔ,N,N,N,0,0,0
cɖ,N,N,N,0,0,0
cɛ,N,N,N,0,0,0
cɣ,N,N,N,0,0,0
cʋ,N,N,N,0,0,0
cẽ,N,N,N,0,0,0
da,Y,Y,Y,64,181,62
db,N,N,N,0,0,0
dc,N,N,N,0,0,0
dd,N,N,N,0,0,0
de,Y,Y,Y,53,204,76
df,N,N,N,0,0,0
dg,N,N,N,0,0,0
dh,N,N,N,0,0,0
di,Y,Y,Y,34,152,72
dj,N,N,N,0,0,0
dk,N,N,N,0,1,0
dl,N,N,N,0,0,0
dm,N,N,N,0,0,0
dn,N,N,N,0,0,0
do,Y,Y,Y,56,357,118
dp,N,N,N,0,0,0
dq,N,N,N,0,0,0
dr,Y,Y,Y,15,57,2
ds,N,N,N,0,0,0
dt,N,N,N,0,0,0
du,Y,Y,Y,84,45,16
dv,N,N,N,0,0,0
dw,N,N,N,0,0,0
dx,N,N,N,0,0,0
dy,N,N,N,0,0,0
dz,Y,Y,N,636,1238,0
dà,N,N,N,0,0,0
dá,N,N,N,0,0,0
dã,Y,Y,Y,3,7,2
dç,N,N,N,0,0,0
dè,N,N,N,0,0,0
dé,N,N,N,0,0,0
dì,N,N,N,0,0,0
dí,N,N,N,0,0,0
dò,N,N,N,0,0,0
dó,N,N,N,0,0,0
dô,N,N,N,0,0,0
dõ,N,N,N,0,0,0
dĩ,N,N,N,0,0,0
dŋ,N,N,N,0,0,0
dũ,Y,N,N,2,0,1
dƒ,N,N,N,0,0,0
dɔ,Y,Y,Y,136,236,88
dɖ,N,N,N,0,0,0
dɛ,N,Y,Y,1,6,3
dɣ,N,N,N,0,0,0
dʋ,N,N,N,0,0,0
dẽ,N,N,N,0,0,0
ea,N,Y,Y,1,616,286
eb,Y,Y,N,17,132,0
ec,N,Y,N,0,4,0
ed,Y,Y,N,65,541,0
ee,N,Y,Y,0,307,297
ef,Y,Y,N,12,98,0
eg,Y,Y,N,75,541,0
eh,Y,Y,N,13,106,0
ei,N,Y,N,0,9,1
ej,N,N,N,0,1,0
ek,Y,Y,N,52,498,0
el,Y,Y,Y,19,267,4
em,Y,Y,Y,26,680,122
en,Y,Y,N,45,692,0
eo,N,N,N,0,0,0
ep,N,Y,N,0,2,0
eq,N,N,N,0,0,0
er,N,Y,Y,0,17,3
es,Y,Y,Y,33,273,11
et,Y,Y,Y,66,708,3
eu,N,Y,N,0,2,1
ev,Y,Y,N,24,202,1
ew,Y,Y,N,19,683,1
ex,Y,Y,N,11,109,0
ey,Y,Y,N,27,103,1
ez,Y,Y,N,5,38,0
eà,N,N,N,0,0,0
eá,N,N,N,0,0,0
eã,N,N,N,0,0,0
eç,N,N,N,0,1,0
eè,N,N,N,0,0,0
eé,N,N,N,0,0,0
eì,N,N,N,0,0,0
eí,N,N,N,0,0,0
eò,N,N,N,0,0,0
eó,N,N,N,0,0,0
eô,N,N,N,0,0,0
eõ,N,N,N,0,0,0
eĩ,N,N,N,0,0,0
eŋ,Y,Y,Y,37,144,6
eũ,N,N,N,0,0,0
eƒ,Y,Y,N,15,225,1
eɔ,N,N,N,0,0,0
eɖ,Y,Y,N,29,300,0
eɛ,N,N,N,0,0,0
eɣ,Y,Y,N,3,41,0
eʋ,Y,Y,N,4,59,0
eẽ,N,N,N,0,0,0
fa,Y,Y,Y,19,119,49
fb,N,N,N,0,0,0
fc,N,N,N,0,0,0
fd,N,N,N,0,0,0
fe,Y,Y,Y,44,30,11
ff,N,N,N,0,0,0
fg,N,N,N,0,0,0
fh,N,N,N,0,0,0
fi,Y,Y,Y,122,236,34
fj,N,N,N,0,0,0
fk,N,N,N,0,0,0
fl,Y,Y,N,12,54,0
fm,N,N,N,0,0,0
fn,N,N,N,0,0,0
fo,Y,Y,Y,22,62,9
fp,N,N,N,0,0,0
fq,N,N,N,0,0,0
fr,N,N,N,0,0,0
fs,N,N,N,0,0,0
ft,N,N,N,0,0,0
fu,Y,Y,Y,54,98,42
fv,N,N,N,0,0,0
fw,N,N,N,0,1,0
fx,N,N,N,0,0,0
fy,N,N,N,0,0,0
fz,N,N,N,0,0,0
fà,N,N,N,0,0,0
fá,N,N,N,0,0,0
fã,N,Y,Y,1,4,2
fç,N,N,N,0,0,0
fè,N,N,N,0,0,0
fé,N,N,N,0,0,0
fì,N,N,N,0,0,0
fí,N,N,N,0,0,0
fò,N,N,N,0,0,0
fó,N,N,N,0,0,0
fô,N,N,N,0,0,0
fõ,N,N,N,0,0,0
fĩ,Y,Y,Y,9,5,5
fŋ,N,N,N,0,0,0
fũ,Y,N,N,4,0,1
fƒ,N,N,N,0,0,0
fɔ,Y,Y,Y,33,130,40
fɖ,N,N,N,0,0,0
fɛ,N,Y,Y,1,2,2
fɣ,N,N,N,0,0,0
fʋ,N,N,N,0,0,0
fẽ,N,N,N,0,0,0
ga,Y,Y,Y,233,1064,34
gb,Y,Y,N,312,1363,0
gc,N,N,N,0,0,0
gd,N,N,N,0,0,0
ge,Y,Y,Y,19,55,39
gf,N,N,N,0,0,0
gg,N,N,N,0,0,0
gh,N,N,N,0,1,0
gi,Y,Y,N,2,3,0
gj,N,N,N,0,0,0
gk,N,N,N,0,0,0
gl,Y,Y,N,38,85,0
gm,N,N,N,0,0,0
gn,N,N,N,0,0,0
go,Y,Y,Y,53,99,32
gp,N,N,N,0,0,0
gq,N,N,N,0,0,0
gr,N,N,N,0,0,0
gs,N,N,N,0,0,0
gt,N,N,N,0,0,0
gu,Y,Y,Y,10,22,7
gv,N,N,N,0,0,0
gw,N,N,N,0,0,0
gx,N,N,N,0,0,0
gy,N,N,N,0,0,0
gz,N,N,N,0,0,0
gà,N,N,N,0,0,0
gá,N,N,N,0,0,0
gã,Y,Y,Y,9,57,23
gç,N,N,N,0,0,0
gè,N,N,N,0,0,0
gé,N,N,N,0,0,0
gì,N,N,N,0,0,0
gí,N,N,N,0,0,0
gò,N,N,N,0,0,0
gó,N,N,N,0,0,0
gô,N,N,N,0,0,0
gõ,N,N,N,0,0,0
gĩ,N,N,N,0,0,0
gŋ,N,N,N,0,0,0
gũ,N,N,N,0,0,0
gƒ,N,N,N,0,0,0
gɔ,Y,Y,Y,45,60,10
gɖ,N,N,N,0,0,0
gɛ,N,Y,Y,0,26,12
gɣ,N,N,N,0,0,0
gʋ,N,N,N,0,0,0
gẽ,N,N,N,0,0,0
ha,Y,Y,Y,81,194,43
hb,N,N,N,0,1,0
hc,N,N,N,0,0,0
hd,N,N,N,0,0,0
he,Y,Y,Y,243,149,51
hf,N,N,N,0,0,0
hg,N,N,N,0,0,0
hh,N,N,N,0,0,0
hi,Y,Y,N,16,50,0
hj,N,N,N,0,0,0
hk,N,N,N,0,0,0
hl,Y,Y,N,9,16,1
hm,N,N,N,0,0,0
hn,N,N,N,0,0,0
ho,Y,Y,Y,22,66,42
hp,N,N,N,0,0,0
hq,N,N,N,0,0,0
hr,N,N,N,0,0,0
hs,N,N,N,0,0,0
ht,N,N,N,0,0,0
hu,N,Y,N,0,2,0
hv,N,N,N,0,0,0
hw,N,N,N,0,0,0
hx,N,N,N,0,0,0
hy,N,N,N,0,0,0
hz,N,N,N,0,0,0
hà,N,N,N,0,0,0
há,N,N,N,0,0,0
hã,Y,Y,Y,3,4,4
hç,N,N,N,0,0,0
hè,N,N,N,0,0,0
hé,N,N,N,0,0,0
hì,N,N,N,0,0,0
hí,N,N,N,0,0,0
hò,N,N,N,0,0,0
hó,N,N,N,0,0,0
hô,N,N,N,0,0,0
hõ,N,N,N,0,1,0
hĩ,N,Y,Y,1,10,2
hŋ,N,N,N,0,0,0
hũ,Y,Y,Y,5,2,2
hƒ,N,N,N,0,0,0
hɔ,Y,Y,Y,2,7,3
hɖ,N,N,N,0,0,0
hɛ,Y,Y,Y,4,9,7
hɣ,N,N,N,0,0,0
hʋ,N,N,N,0,0,0
hẽ,Y,N,N,3,0,1
ia,N,Y,Y,1,1034,341
ib,N,Y,N,0,78,0
ic,N,Y,N,0,5,0
id,N,Y,N,0,320,0
ie,N,Y,Y,0,411,84
if,N,Y,N,0,82,0
ig,N,Y,N,0,293,0
ih,N,Y,N,0,24,0
ii,N,Y,Y,1,150,147
ij,N,N,N,0,0,0
ik,N,Y,N,0,338,0
il,N,Y,N,0,168,1
im,Y,Y,Y,2,251,46
in,Y,Y,Y,5,350,2
io,N,Y,Y,0,5,2
ip,N,N,N,0,0,0
iq,N,N,N,0,0,0
ir,N,Y,Y,1,8,2
is,N,Y,Y,1,92,4
it,N,Y,Y,1,346,3
iu,N,N,N,0,1,0
iv,N,Y,N,0,111,0
iw,N,Y,N,1,404,0
ix,N,Y,N,0,40,0
iy,N,Y,N,0,34,0
iz,N,Y,N,0,29,1
ià,N,N,N,0,0,0
iá,N,N,N,0,1,1
iã,N,Y,Y,0,87,45
iç,N,N,N,0,1,0
iè,N,N,N,0,1,0
ié,N,N,N,0,0,0
iì,N,N,N,0,0,0
ií,N,N,N,0,0,0
iò,N,N,N,0,0,0
ió,N,N,N,0,0,0
iô,N,N,N,0,0,0
iõ,N,N,N,0,1,0
iĩ,N,N,N,0,1,1
iŋ,N,Y,Y,0,43,2
iũ,N,N,N,0,0,0
iƒ,N,Y,N,0,120,0
iɔ,N,Y,Y,0,11,9
iɖ,N,Y,N,0,166,0
iɛ,N,N,N,0,0,0
iɣ,N,Y,N,0,27,0
iʋ,N,Y,N,0,48,0
iẽ,N,Y,Y,0,13,2
ja,N,N,N,1,1,0
jb,N,N,N,0,0,0
jc,N,N,N,0,0,0
jd,N,N,N,0,0,0
je,N,Y,N,0,2,0
jf,N,N,N,0,0,0
jg,N,N,N,0,0,0
jh,N,N,N,0,0,0
ji,N,N,N,0,0,0
jj,N,N,N,0,0,0
jk,N,N,N,0,0,0
jl,N,N,N,0,0,0
jm,N,N,N,0,0,0
jn,N,N,N,0,0,0
jo,N,N,N,0,0,0
jp,N,N,N,0,0,0
jq,N,N,N,0,0,0
jr,N,N,N,0,0,0
js,N,N,N,0,0,0
jt,N,N,N,0,0,0
ju,N,N,N,0,0,0
jv,N,N,N,0,0,0
jw,N,N,N,0,0,0
jx,N,N,N,0,0,0
jy,N,N,N,0,0,0
jz,N,N,N,0,0,0
jà,N,N,N,0,0,0
já,N,N,N,0,0,0
jã,N,N,N,0,0,0
jç,N,N,N,0,0,0
jè,N,N,N,0,0,0
jé,N,N,N,0,0,0
jì,N,N,N,0,0,0
jí,N,N,N,0,0,0
jò,N,N,N,0,0,0
jó,N,N,N,0,0,0
jô,N,N,N,0,0,0
jõ,N,N,N,0,0,0
jĩ,N,N,N,0,0,0
jŋ,N,N,N,0,0,0
jũ,N,N,N,0,0,0
jƒ,N,N,N,0,0,0
jɔ,N,N,N,0,0,0
jɖ,N,N,N,0,0,0
jɛ,N,N,N,0,0,0
jɣ,N,N,N,0,0,0
jʋ,N,N,N,0,0,0
jẽ,N,N,N,0,0,0
ka,Y,Y,Y,91,405,114
kb,N,N,N,0,0,0
kc,N,N,N,0,0,0
kd,N,N,N,0,0,0
ke,Y,Y,Y,65,237,92
kf,N,N,N,0,0,0
kg,N,N,N,0,0,0
kh,N,N,N,0,0,0
ki,Y,Y,N,4,4,0
kj,N,N,N,0,0,0
kk,N,N,N,0,0,0
kl,Y,Y,N,69,169,0
km,N,N,N,0,0,0
kn,N,N,N,0,0,0
ko,Y,Y,Y,49,61,23
kp,Y,Y,N,249,956,1
kq,N,N,N,0,0,0
kr,Y,N,N,16,1,0
ks,N,Y,N,0,2,1
kt,N,N,N,0,1,0
ku,Y,Y,Y,91,396,97
kv,N,N,N,0,0,0
kw,N,Y,N,1,8,0
kx,N,N,N,0,0,0
ky,N,N,N,0,0,0
kz,N,N,N,0,0,0
kà,N,N,N,0,0,0
ká,N,N,N,0,0,0
kã,N,N,N,1,0,1
kç,N,N,N,0,0,0
kè,N,N,N,0,0,0
ké,N,N,N,0,0,0
kì,N,N,N,0,0,0
kí,N,N,N,0,0,0
kò,N,N,N,0,0,0
kó,N,N,N,0,0,0
kô,N,N,N,0,0,0
kõ,N,N,N,0,0,0
kĩ,N,N,N,0,0,0
kŋ,N,N,N,0,0,0
kũ,N,N,N,1,0,0
kƒ,N,N,N,0,0,0
kɔ,Y,Y,Y,86,332,87
kɖ,N,N,N,0,0,0
kɛ,N,Y,Y,1,26,10
kɣ,N,N,N,0,0,0
kʋ,N,N,N,0,0,0
kẽ,N,N,N,0,1,1
la,Y,Y,Y,32,1144,454
lb,N,N,N,1,0,0
lc,N,N,N,0,0,0
ld,N,N,N,1,1,0
le,Y,Y,Y,17,392,131
lf,N,Y,N,0,2,0
lg,N,Y,N,0,2,0
lh,N,Y,N,0,3,0
li,Y,Y,Y,41,484,147
lj,N,N,N,0,0,0
lk,N,Y,N,0,3,0
ll,N,N,N,0,0,0
lm,N,Y,N,0,2,1
ln,N,N,N,0,0,0
lo,Y,Y,Y,22,249,73
lp,N,N,N,0,0,0
lq,N,N,N,0,0,0
lr,N,N,N,0,0,0
ls,N,N,N,0,1,0
lt,N,N,N,0,0,0
lu,Y,Y,Y,22,102,44
lv,N,N,N,0,0,0
lw,N,N,N,0,0,0
lx,N,N,N,0,0,0
ly,N,N,N,0,0,0
lz,N,N,N,0,0,0
là,N,N,N,0,0,0
lá,N,N,N,0,0,0
lã,Y,Y,Y,96,169,76
lç,N,N,N,0,0,0
lè,N,N,N,0,1,1
lé,Y,Y,Y,14,141,49
lì,N,N,N,0,0,0
lí,N,N,N,1,0,0
lò,N,N,N,0,0,0
ló,N,N,N,0,0,0
lô,N,N,N,0,0,0
lõ,N,Y,Y,0,16,9
lĩ,Y,Y,Y,4,47,31
lŋ,N,N,N,0,0,0
lũ,Y,Y,Y,5,23,18
lƒ,N,N,N,0,0,0
lɔ,Y,Y,Y,10,617,265
lɖ,N,N,N,0,0,0
lɛ,N,Y,Y,1,17,4
lɣ,N,N,N,0,0,0
lʋ,N,N,N,0,0,0
lẽ,N,Y,Y,1,306,137
ma,Y,Y,Y,467,628,47
mb,N,Y,N,0,2,0
mc,N,N,N,0,0,0
md,N,Y,N,0,2,0
me,Y,Y,Y,497,1594,229
mf,N,Y,N,0,3,0
mg,N,N,N,0,0,0
mh,N,N,N,0,0,0
mi,Y,Y,Y,686,146,30
mj,N,N,N,0,0,0
mk,N,Y,N,0,8,0
ml,Y,Y,N,19,68,0
mm,N,N,N,0,0,0
mn,N,N,N,0,1,0
mo,Y,Y,Y,30,7,4
mp,N,Y,N,0,3,0
mq,N,N,N,0,0,0
mr,N,N,N,0,0,0
ms,N,N,N,0,0,0
mt,N,Y,N,0,3,0
mu,Y,Y,Y,12,40,21
mv,N,N,N,0,0,0
mw,N,Y,N,0,5,0
mx,N,N,N,0,0,0
my,N,N,N,0,1,0
mz,N,N,N,0,0,0
mà,Y,N,N,70,0,0
má,N,N,N,1,0,0
mã,Y,Y,Y,2,4,4
mç,N,N,N,0,0,0
mè,Y,N,N,158,0,0
mé,N,N,N,1,0,0
mì,Y,N,N,3,0,0
mí,Y,N,N,363,0,1
mò,N,N,N,0,0,0
mó,N,N,N,0,0,0
mô,N,N,N,0,0,0
mõ,N,N,N,0,0,0
mĩ,N,N,N,0,1,1
mŋ,N,Y,N,0,3,0
mũ,N,N,N,0,0,0
mƒ,N,N,N,0,0,0
mɔ,Y,Y,Y,69,69,31
mɖ,N,N,N,0,0,0
mɛ,N,Y,Y,1,7,4
mɣ,N,N,N,0,0,0
mʋ,N,N,N,0,0,0
mẽ,N,N,N,0,0,0
na,Y,Y,Y,241,684,527
nb,N,Y,N,0,2,0
nc,N,N,N,0,1,0
nd,N,Y,N,0,9,0
ne,Y,Y,Y,120,62,12
nf,N,Y,N,0,6,0
ng,N,Y,N,0,8,0
nh,N,Y,N,0,4,0
ni,N,Y,Y,0,23,5
nj,N,N,N,0,0,0
nk,N,Y,N,1,5,0
nl,N,Y,N,0,2,0
nm,N,N,N,0,0,0
nn,N,N,N,0,0,0
no,Y,Y,Y,16,99,38
np,N,N,N,0,0,0
nq,N,N,N,0,0,0
nr,N,N,N,0,0,0
ns,N,Y,N,0,3,0
nt,N,Y,N,0,31,0
nu,Y,Y,Y,540,751,245
nv,N,N,N,0,0,0
nw,N,N,N,0,1,0
nx,N,Y,N,0,2,0
ny,Y,Y,N,428,1060,1
nz,N,N,N,0,1,0
nà,Y,N,N,205,0,0
ná,N,N,N,0,1,0
nã,N,N,N,1,0,0
nç,N,N,N,0,0,0
nè,Y,N,N,205,0,0
né,N,N,N,1,0,0
nì,N,N,N,0,0,0
ní,N,Y,N,0,2,0
nò,N,N,N,0,0,0
nó,N,N,N,0,0,0
nô,N,N,N,0,0,0
nõ,N,N,N,0,0,0
nĩ,N,N,N,0,0,0
nŋ,N,N,N,0,0,0
nũ,N,N,N,0,0,0
nƒ,N,N,N,0,0,0
nɔ,Y,Y,Y,67,343,131
nɖ,N,N,N,0,0,0
nɛ,Y,Y,Y,2,147,137
nɣ,N,N,N,0,0,0
nʋ,N,N,N,0,1,0
nẽ,N,N,N,0,0,0
oa,Y,Y,Y,2,687,176
ob,Y,Y,N,2,62,0
oc,N,Y,N,0,2,0
od,N,Y,N,0,278,0
oe,N,Y,Y,0,442,384
of,N,Y,N,0,58,0
og,N,Y,N,0,205,0
oh,N,Y,N,0,42,0
oi,N,N,N,0,0,0
oj,N,N,N,0,0,0
ok,N,Y,N,0,217,0
ol,N,Y,N,0,208,0
om,N,Y,Y,0,669,55
on,Y,Y,N,4,303,1
oo,N,Y,Y,1,17,16
op,N,Y,N,0,5,0
oq,N,N,N,0,0,0
or,N,Y,Y,1,11,4
os,Y,Y,Y,5,125,13
ot,N,Y,N,0,244,1
ou,N,Y,Y,1,2,3
ov,N,Y,N,0,78,0
ow,N,Y,N,0,234,0
ox,N,Y,N,1,75,0
oy,N,Y,N,0,54,0
oz,N,Y,N,0,20,0
oà,N,N,N,0,0,0
oá,N,N,N,0,0,0
oã,N,N,N,0,0,0
oç,N,N,N,0,0,0
oè,N,N,N,0,0,0
oé,N,N,N,0,0,0
oì,N,N,N,0,0,0
oí,N,N,N,0,0,0
oò,N,N,N,0,0,0
oó,N,N,N,0,0,0
oô,N,N,N,0,0,0
oõ,N,N,N,0,0,0
oĩ,N,N,N,0,0,0
oŋ,N,Y,Y,0,31,7
oũ,N,N,N,0,0,0
oƒ,N,Y,N,1,169,0
oɔ,N,N,N,0,0,0
oɖ,N,Y,N,1,138,0
oɛ,N,N,N,0,0,0
oɣ,N,Y,N,0,16,0
oʋ,N,Y,N,0,14,0
oẽ,N,N,N,0,0,0
pa,Y,Y,Y,6,135,29
pb,N,N,N,0,0,0
pc,N,N,N,0,0,0
pd,N,N,N,0,0,0
pe,Y,Y,Y,5,304,92
pf,N,N,N,0,0,0
pg,N,N,N,0,0,0
ph,N,N,N,0,0,0
pi,N,Y,Y,1,9,2
pj,N,N,N,0,0,0
pk,N,Y,N,0,2,0
pl,N,Y,N,0,204,0
pm,N,N,N,0,1,0
pn,N,N,N,0,0,0
po,Y,Y,Y,4,126,30
pp,N,N,N,0,0,0
pq,N,N,N,0,0,0
pr,Y,N,N,7,1,0
ps,N,N,N,0,0,0
pt,N,N,N,0,0,0
pu,N,Y,N,0,63,0
pv,N,N,N,0,0,0
pw,N,N,N,0,0,0
px,N,N,N,0,0,0
py,N,N,N,0,0,0
pz,N,N,N,0,0,0
pà,N,N,N,0,0,0
pá,N,N,N,1,0,0
pã,N,Y,Y,0,3,3
pç,N,N,N,0,0,0
pè,N,N,N,0,0,0
pé,N,N,N,0,0,0
pì,N,N,N,0,0,0
pí,N,N,N,0,0,0
pò,N,N,N,0,0,0
pó,N,N,N,0,1,0
pô,N,N,N,0,0,0
põ,N,N,N,0,0,0
pĩ,N,N,N,0,1,0
pŋ,N,N,N,0,0,0
pũ,N,N,N,0,0,0
pƒ,N,N,N,0,0,0
pɔ,N,Y,Y,0,353,111
pɖ,N,N,N,0,0,0
pɛ,Y,Y,Y,2,12,6
pɣ,N,N,N,0,0,0
pʋ,N,N,N,0,0,0
pẽ,N,Y,Y,0,16,5
qa,N,N,N,0,0,0
qb,N,N,N,0,0,0
qc,N,N,N,0,0,0
qd,N,N,N,0,0,0
qe,N,N,N,0,0,0
qf,N,N,N,0,0,0
qg,N,N,N,0,0,0
qh,N,N,N,0,0,0
qi,N,N,N,0,0,0
qj,N,N,N,0,0,0
qk,N,N,N,0,0,0
ql,N,N,N,0,0,0
qm,N,N,N,0,0,0
qn,N,N,N,0,0,0
qo,N,N,N,0,0,0
qp,N,N,N,0,0,0
qq,N,N,N,0,0,0
qr,N,N,N,0,0,0
qs,N,N,N,0,0,0
qt,N,N,N,0,0,0
qu,Y,Y,N,2,2,0
qv,N,N,N,0,0,0
qw,N,N,N,0,0,0
qx,N,N,N,0,0,0
qy,N,N,N,0,0,0
qz,N,N,N,0,0,0
qà,N,N,N,0,0,0
qá,N,N,N,0,0,0
qã,N,N,N,0,0,0
qç,N,N,N,0,0,0
qè,N,N,N,0,0,0
qé,N,N,N,0,0,0
qì,N,N,N,0,0,0
qí,N,N,N,0,0,0
qò,N,N,N,0,0,0
qó,N,N,N,0,0,0
qô,N,N,N,0,0,0
qõ,N,N,N,0,0,0
qĩ,N,N,N,0,0,0
qŋ,N,N,N,0,0,0
qũ,N,N,N,0,0,0
qƒ,N,N,N,0,0,0
qɔ,N,N,N,0,0,0
qɖ,N,N,N,0,0,0
qɛ,N,N,N,0,0,0
qɣ,N,N,N,0,0,0
qʋ,N,N,N,0,0,0
qẽ,N,N,N,0,0,0
ra,N,Y,Y,0,237,86
rb,N,N,N,0,0,0
rc,N,N,N,0,0,0
rd,N,Y,N,0,3,0
re,Y,Y,Y,4,120,45
rf,N,N,N,0,0,0
rg,N,N,N,0,1,0
rh,N,N,N,0,0,0
ri,N,Y,Y,0,61,23
rj,N,N,N,0,0,0
rk,N,N,N,0,1,0
rl,N,N,N,0,0,0
rm,N,Y,N,0,3,0
rn,N,Y,N,0,3,0
ro,N,Y,Y,1,109,43
rp,N,N,N,0,0,0
rq,N,N,N,0,1,0
rr,N,N,N,0,0,0
rs,N,Y,N,0,3,0
rt,N,N,N,0,1,0
ru,N,Y,Y,0,23,4
rv,N,N,N,0,1,0
rw,N,N,N,0,0,0
rx,N,N,N,0,0,0
ry,N,N,N,0,0,0
rz,N,N,N,0,0,0
rà,N,N,N,0,0,0
rá,N,Y,Y,0,2,2
rã,N,Y,Y,0,9,5
rç,N,N,N,0,1,0
rè,N,N,N,0,0,0
ré,N,N,N,0,1,0
rì,N,N,N,0,0,0
rí,N,N,N,0,0,0
rò,N,N,N,0,0,0
ró,N,N,N,0,1,0
rô,N,N,N,0,1,0
rõ,N,N,N,0,0,0
rĩ,N,N,N,0,1,0
rŋ,N,N,N,0,0,0
rũ,N,N,N,0,0,0
rƒ,N,N,N,0,0,0
rɔ,N,Y,Y,0,209,130
rɖ,N,N,N,0,0,0
rɛ,N,N,N,0,1,1
rɣ,N,N,N,0,0,0
rʋ,N,N,N,0,0,0
rẽ,N,Y,Y,0,7,3
sa,Y,Y,Y,30,284,85
sb,N,N,N,0,0,0
sc,N,N,N,0,1,0
sd,N,N,N,0,1,0
se,Y,Y,Y,90,279,92
sf,N,N,N,0,1,0
sg,N,N,N,0,0,0
sh,N,N,N,0,0,0
si,Y,Y,Y,116,684,162
sj,N,N,N,0,0,0
sk,N,Y,N,0,3,0
sl,N,N,N,0,0,0
sm,N,N,N,0,0,0
sn,Y,N,N,2,0,0
so,Y,Y,Y,7,218,66
sp,N,Y,N,0,6,0
sq,N,N,N,0,1,0
sr,Y,Y,Y,6,99,2
ss,N,Y,N,0,9,0
st,N,Y,N,0,36,1
su,Y,Y,Y,63,309,52
sv,N,N,N,0,0,0
sw,N,N,N,0,0,0
sx,N,N,N,0,0,0
sy,N,Y,N,0,57,0
sz,N,N,N,0,0,0
sà,N,N,N,0,0,0
sá,N,N,N,0,1,0
sã,Y,Y,Y,10,21,9
sç,N,N,N,0,0,0
sè,N,N,N,0,0,0
sé,N,N,N,0,0,0
sì,N,N,N,0,0,0
sí,N,Y,N,0,2,0
sò,N,N,N,0,0,0
só,N,N,N,0,0,0
sô,N,N,N,0,0,0
sõ,N,N,N,0,0,0
sĩ,N,Y,N,0,3,0
sŋ,N,N,N,0,0,0
sũ,N,N,N,1,0,0
sƒ,N,N,N,0,0,0
sɔ,Y,Y,Y,37,285,120
sɖ,N,N,N,0,0,0
sɛ,N,Y,Y,0,12,7
sɣ,N,N,N,0,0,0
sʋ,N,N,N,0,0,0
sẽ,Y,Y,Y,10,121,47
ta,Y,Y,Y,119,248,74
tb,N,N,N,0,0,0
tc,N,N,N,0,0,0
td,N,N,N,0,0,0
te,Y,Y,Y,79,206,51
tf,N,N,N,0,0,0
tg,N,N,N,0,0,0
th,N,N,N,0,0,0
ti,Y,Y,Y,19,506,126
tj,N,N,N,0,0,0
tk,N,Y,N,0,2,0
tl,N,N,N,0,0,0
tm,N,N,N,0,0,0
tn,N,N,N,0,0,0
to,Y,Y,Y,95,198,70
tp,N,N,N,0,0,0
tq,N,N,N,0,0,0
tr,Y,Y,N,32,238,1
ts,Y,Y,N,218,903,0
tt,N,N,N,0,0,0
tu,Y,Y,Y,29,162,58
tv,N,N,N,0,0,0
tw,N,N,N,0,0,0
tx,N,N,N,0,0,0
ty,N,N,N,1,0,0
tz,N,N,N,0,0,0
tà,N,N,N,0,0,0
tá,N,Y,N,0,2,1
tã,N,Y,N,1,4,1
tç,N,N,N,0,0,0
tè,N,N,N,0,0,0
té,N,N,N,0,1,1
tì,N,N,N,0,0,0
tí,N,N,N,0,0,0
tò,N,N,N,0,0,0
tó,N,N,N,0,0,0
tô,N,N,N,0,0,0
tõ,N,N,N,0,0,0
tĩ,N,N,N,0,0,0
tŋ,N,N,N,0,0,0
tũ,N,N,N,0,0,0
tƒ,N,N,N,0,0,0
tɔ,Y,Y,Y,98,647,258
tɖ,N,N,N,0,0,0
tɛ,N,Y,N,0,2,1
tɣ,N,N,N,0,0,0
tʋ,N,N,N,0,0,0
tẽ,Y,N,N,2,0,1
ua,N,Y,Y,0,220,126
ub,N,Y,N,0,235,0
uc,N,N,N,0,0,0
ud,N,Y,N,0,276,0
ue,N,Y,Y,0,79,64
uf,N,Y,N,0,43,0
ug,N,Y,N,1,199,0
uh,N,Y,N,0,16,0
ui,N,Y,Y,0,465,240
uj,N,N,N,0,0,0
uk,N,Y,N,0,258,0
ul,N,Y,N,0,105,0
um,Y,Y,Y,2,209,67
un,N,Y,N,0,337,0
uo,N,N,N,0,0,0
up,N,N,N,0,0,0
uq,N,N,N,0,0,0
ur,N,Y,N,0,4,0
us,N,Y,N,1,160,1
ut,N,Y,N,0,530,0
uu,N,Y,Y,0,9,9
uv,N,Y,N,0,154,0
uw,N,Y,N,0,418,1
ux,N,Y,N,0,34,0
uy,N,Y,N,0,19,0
uz,N,Y,N,0,13,0
uà,N,N,N,0,0,0
uá,N,N,N,0,0,0
uã,N,N,N,0,0,0
uç,N,N,N,0,0,0
uè,N,N,N,0,0,0
ué,N,N,N,0,0,0
uì,N,N,N,0,0,0
uí,N,N,N,0,1,0
uò,N,N,N,0,0,0
uó,N,N,N,0,0,0
uô,N,N,N,0,0,0
uõ,N,N,N,0,0,0
uĩ,N,N,N,0,0,0
uŋ,N,Y,N,0,39,0
uũ,N,N,N,0,0,0
uƒ,N,Y,N,0,112,0
uɔ,N,N,N,0,1,0
uɖ,N,Y,N,0,199,0
uɛ,N,N,N,0,0,0
uɣ,N,Y,N,0,22,0
uʋ,N,Y,N,0,48,0
uẽ,N,N,N,0,1,0
va,Y,Y,Y,23,67,46
vb,N,N,N,0,0,0
vc,N,N,N,0,0,0
vd,N,N,N,0,0,0
ve,Y,Y,Y,40,132,29
vf,N,N,N,0,0,0
vg,N,N,N,0,0,0
vh,N,N,N,0,0,0
vi,Y,Y,Y,97,372,97
vj,N,N,N,0,0,0
vk,N,N,N,0,0,0
vl,Y,Y,N,16,4,0
vm,N,N,N,0,0,0
vn,N,N,N,0,0,0
vo,Y,Y,Y,21,34,21
vp,N,N,N,0,0,0
vq,N,N,N,0,0,0
vr,N,N,N,0,0,0
vs,N,N,N,0,0,0
vt,N,N,N,0,0,0
vu,Y,Y,Y,24,82,23
vv,N,N,N,0,1,0
vw,N,N,N,0,0,0
vx,N,N,N,0,0,0
vy,N,N,N,0,0,0
vz,N,N,N,0,0,0
và,N,N,N,0,0,0
vá,N,N,N,0,0,0
vã,N,Y,N,0,6,1
vç,N,N,N,0,0,0
vè,N,N,N,0,0,0
vé,N,N,N,0,0,0
vì,N,N,N,0,0,0
ví,N,N,N,0,0,0
vò,N,N,N,0,0,0
vó,N,N,N,0,0,0
vô,N,N,N,0,0,0
võ,N,N,N,0,0,0
vĩ,Y,N,N,2,0,1
vŋ,N,N,N,0,0,0
vũ,N,N,N,0,0,0
vƒ,N,N,N,0,0,0
vɔ,Y,Y,Y,44,177,58
vɖ,N,N,N,0,0,0
vɛ,Y,N,N,2,0,1
vɣ,N,N,N,0,0,0
vʋ,N,N,N,0,0,0
vẽ,N,N,N,0,1,0
wa,Y,Y,Y,36,14,2
wb,N,N,N,0,0,0
wc,N,N,N,0,0,0
wd,N,N,N,0,0,0
we,N,N,N,0,1,0
wf,N,N,N,0,0,0
wg,N,N,N,0,0,0
wh,N,N,N,0,0,0
wi,N,N,N,0,1,0
wj,N,N,N,0,0,0
wk,N,N,N,0,0,0
wl,N,Y,N,1,6,0
wm,N,N,N,0,0,0
wn,N,N,N,0,1,0
wo,Y,Y,Y,1216,3101,2659
wp,N,N,N,0,0,0
wq,N,N,N,0,0,0
wr,N,N,N,0,1,0
ws,N,N,N,0,0,0
wt,N,N,N,0,0,0
wu,Y,Y,Y,63,272,77
wv,N,N,N,0,0,0
ww,N,N,N,0,0,0
wx,N,N,N,0,0,0
wy,N,N,N,0,0,0
wz,N,N,N,0,0,0
wà,N,N,N,0,0,0
wá,N,N,N,0,0,0
wã,N,N,N,0,0,0
wç,N,N,N,0,0,0
wè,N,N,N,0,0,0
wé,N,N,N,0,0,0
wì,N,N,N,0,0,0
wí,N,N,N,0,0,0
wò,Y,Y,Y,703,107,35
wó,Y,Y,Y,2,2,2
wô,N,N,N,0,0,0
wõ,N,N,N,0,0,0
wĩ,N,N,N,0,0,0
wŋ,N,N,N,0,0,0
wũ,N,N,N,0,0,0
wƒ,N,N,N,0,0,0
wɔ,Y,Y,Y,47,419,147
wɖ,N,N,N,0,0,0
wɛ,N,N,N,0,0,0
wɣ,N,N,N,0,0,0
wʋ,N,N,N,0,0,0
wẽ,N,N,N,0,0,0
xa,Y,Y,Y,28,87,40
xb,N,N,N,0,0,0
xc,N,N,N,0,0,0
xd,N,N,N,0,0,0
xe,Y,Y,Y,52,99,38
xf,N,N,N,0,0,0
xg,N,N,N,0,0,0
xh,N,N,N,0,0,0
xi,N,Y,Y,0,10,5
xj,N,N,N,0,0,0
xk,N,N,N,0,1,0
xl,Y,Y,N,11,55,0
xm,N,N,N,0,0,0
xn,N,N,N,0,0,0
xo,Y,Y,Y,10,13,6
xp,N,N,N,0,0,0
xq,N,N,N,0,0,0
xr,N,N,N,0,0,0
xs,N,N,N,0,0,0
xt,N,Y,N,0,3,0
xu,N,N,N,0,0,0
xv,N,N,N,0,0,0
xw,N,N,N,0,0,0
xx,N,N,N,0,0,0
xy,N,N,N,0,0,0
xz,N,N,N,0,0,0
xà,N,N,N,0,0,0
xá,N,N,N,0,0,0
xã,N,N,N,0,0,0
xç,N,N,N,0,0,0
xè,N,N,N,0,0,0
xé,N,N,N,0,0,0
xì,N,N,N,0,0,0
xí,N,N,N,0,0,0
xò,N,N,N,0,0,0
xó,N,N,N,0,0,0
xô,N,N,N,0,0,0
xõ,N,N,N,0,0,0
xĩ,N,N,N,0,0,0
xŋ,N,N,N,0,0,0
xũ,N,N,N,0,0,0
xƒ,N,N,N,0,0,0
xɔ,Y,Y,Y,104,256,89
xɖ,N,N,N,0,0,0
xɛ,N,Y,Y,1,13,6
xɣ,N,N,N,0,0,0
xʋ,N,N,N,0,0,0
xẽ,N,N,N,0,0,0
ya,Y,Y,Y,38,532,174
yb,N,N,N,0,0,0
yc,N,N,N,0,0,0
yd,N,N,N,0,0,0
ye,Y,Y,Y,456,488,161
yf,N,N,N,0,0,0
yg,N,N,N,0,0,0
yh,N,N,N,0,0,0
yi,Y,Y,Y,24,450,112
yj,N,N,N,0,0,0
yk,N,N,N,0,0,0
yl,N,N,N,0,0,0
ym,N,N,N,0,0,0
yn,N,N,N,0,0,0
yo,Y,Y,Y,27,102,42
yp,N,N,N,0,0,0
yq,N,N,N,0,0,0
yr,Y,Y,N,7,106,0
ys,N,N,N,0,0,0
yt,N,N,N,0,0,0
yu,N,Y,N,0,58,0
yv,N,N,N,0,0,0
yw,N,N,N,0,0,0
yx,N,N,N,0,0,0
yy,N,N,N,0,0,0
yz,N,N,N,0,0,0
yà,N,N,N,0,0,0
yá,N,N,N,0,0,0
yã,N,Y,Y,0,4,3
yç,N,N,N,0,0,0
yè,N,N,N,1,0,0
yé,N,N,N,0,0,0
yì,N,N,N,0,0,0
yí,N,N,N,0,0,0
yò,N,N,N,0,0,0
yó,N,N,N,0,0,0
yô,N,N,N,0,0,0
yõ,N,N,N,0,0,0
yĩ,N,N,N,0,0,0
yŋ,N,N,N,0,0,0
yũ,N,N,N,0,0,0
yƒ,N,N,N,0,0,0
yɔ,Y,Y,Y,27,270,102
yɖ,N,N,N,0,0,0
yɛ,N,Y,N,0,2,1
yɣ,N,N,N,0,0,0
yʋ,N,N,N,0,1,0
yẽ,N,N,N,0,1,1
za,Y,Y,Y,5,97,28
zb,N,N,N,0,0,0
zc,N,N,N,0,0,0
zd,N,N,N,0,0,0
ze,Y,Y,Y,10,328,120
zf,N,N,N,0,0,0
zg,N,N,N,0,0,0
zh,N,N,N,0,0,0
zi,Y,Y,Y,14,738,124
zj,N,N,N,0,0,0
zk,N,N,N,0,1,0
zl,N,N,N,0,0,0
zm,N,N,N,0,0,0
zn,N,N,N,0,0,0
zo,N,Y,Y,0,216,46
zp,N,N,N,0,0,0
zq,N,N,N,0,0,0
zr,N,Y,N,0,170,0
zs,N,N,N,0,0,0
zt,N,N,N,0,0,0
zu,Y,Y,Y,7,125,41
zv,N,N,N,0,0,0
zw,N,N,N,0,0,0
zx,N,N,N,0,0,0
zy,N,N,N,0,0,0
zz,N,N,N,0,0,0
zà,N,N,N,0,0,0
zá,N,N,N,0,0,0
zã,Y,Y,Y,17,21,9
zç,N,N,N,0,0,0
zè,N,N,N,0,0,0
zé,N,N,N,0,0,0
zì,N,N,N,0,0,0
zí,N,N,N,0,1,0
zò,N,N,N,0,0,0
zó,N,N,N,0,0,0
zô,N,N,N,0,0,0
zõ,N,N,N,0,0,0
zĩ,N,Y,Y,0,14,5
zŋ,N,N,N,0,0,0
zũ,N,N,N,0,0,0
zƒ,N,N,N,0,0,0
zɔ,Y,Y,Y,14,399,138
zɖ,N,N,N,0,0,0
zɛ,N,Y,Y,0,19,5
zɣ,N,N,N,0,0,0
zʋ,N,N,N,0,0,0
zẽ,N,Y,Y,0,3,2
àa,N,N,N,0,0,0
àb,Y,Y,N,2,12,0
àc,N,N,N,0,0,0
àd,Y,Y,N,12,22,0
àe,N,N,N,0,0,0
àf,Y,Y,N,3,5,0
àg,Y,Y,N,8,54,0
àh,Y,Y,N,4,10,0
ài,N,N,N,0,0,0
àj,N,N,N,0,0,0
àk,Y,Y,N,10,25,0
àl,N,Y,N,1,8,0
àm,Y,Y,N,3,6,0
àn,Y,Y,N,7,18,0
ào,N,N,N,0,0,0
àp,N,N,N,0,0,0
àq,N,N,N,0,0,0
àr,N,N,N,0,0,0
às,Y,Y,N,2,11,0
àt,Y,Y,N,13,31,0
àu,N,N,N,0,0,0
àv,N,Y,N,1,4,0
àw,Y,Y,N,3,11,0
àx,Y,Y,N,7,12,0
ày,Y,Y,N,3,7,0
àz,Y,Y,N,2,3,0
àà,N,N,N,0,0,0
àá,N,N,N,0,0,0
àã,N,N,N,0,0,0
àç,N,N,N,0,0,0
àè,N,N,N,0,0,0
àé,N,N,N,0,0,0
àì,N,N,N,0,0,0
àí,N,N,N,0,0,0
àò,N,N,N,0,0,0
àó,N,N,N,0,0,0
àô,N,N,N,0,0,0
àõ,N,N,N,0,0,0
àĩ,N,N,N,0,0,0
àŋ,N,Y,N,1,5,0
àũ,N,N,N,0,0,0
àƒ,Y,Y,N,2,7,0
àɔ,N,N,N,0,0,0
àɖ,Y,Y,N,6,18,0
àɛ,N,N,N,0,0,0
àɣ,N,Y,N,0,4,0
àʋ,N,Y,N,0,2,0
àẽ,N,N,N,0,0,0
áa,N,N,N,0,0,0
áb,N,N,N,0,0,0
ác,N,N,N,0,0,0
ád,N,N,N,0,0,0
áe,N,N,N,0,0,0
áf,N,N,N,0,0,0
ág,N,N,N,0,1,0
áh,N,N,N,0,0,0
ái,N,N,N,0,1,0
áj,N,N,N,0,0,0
ák,N,N,N,0,0,0
ál,N,N,N,0,0,0
ám,N,N,N,0,0,0
án,N,N,N,0,0,0
áo,N,N,N,0,0,0
áp,N,N,N,0,0,0
áq,N,N,N,0,0,0
ár,N,Y,N,0,3,0
ás,N,N,N,0,0,0
át,N,N,N,0,0,0
áu,N,N,N,0,0,0
áv,N,N,N,0,0,0
áw,N,N,N,0,0,0
áx,N,N,N,0,0,0
áy,N,N,N,0,0,0
áz,N,N,N,0,0,0
áà,N,N,N,0,0,0
áá,N,N,N,0,0,0
áã,N,N,N,0,0,0
áç,N,N,N,0,0,0
áè,N,N,N,0,0,0
áé,N,N,N,0,0,0
áì,N,N,N,0,0,0
áí,N,N,N,0,0,0
áò,N,N,N,0,0,0
áó,N,N,N,0,0,0
áô,N,N,N,0,0,0
áõ,N,N,N,0,0,0
áĩ,N,N,N,0,0,0
áŋ,N,N,N,0,0,0
áũ,N,N,N,0,0,0
áƒ,N,N,N,0,0,0
áɔ,N,N,N,0,0,0
áɖ,N,N,N,0,0,0
áɛ,N,N,N,0,0,0
áɣ,N,N,N,0,0,0
áʋ,N,N,N,0,0,0
áẽ,N,N,N,0,0,0
ãa,N,Y,Y,0,28,23
ãb,N,N,N,0,1,0
ãc,N,N,N,0,0,0
ãd,N,Y,N,0,24,0
ãe,N,Y,Y,0,58,58
ãf,N,Y,N,0,4,0
ãg,N,Y,N,0,19,0
ãh,N,Y,N,0,3,0
ãi,N,N,N,0,0,0
ãj,N,N,N,0,0,0
ãk,N,Y,N,0,21,0
ãl,N,Y,N,0,11,0
ãm,N,Y,Y,0,73,25
ãn,N,Y,N,0,53,0
ão,N,Y,Y,0,9,9
ãp,N,N,N,0,0,0
ãq,N,N,N,0,0,0
ãr,N,N,N,0,0,0
ãs,N,N,N,0,1,0
ãt,N,Y,N,0,39,0
ãu,N,N,N,0,0,0
ãv,N,Y,N,0,5,0
ãw,N,Y,N,0,64,0
ãx,N,Y,N,0,5,0
ãy,N,Y,N,0,2,0
ãz,N,N,N,0,1,0
ãà,N,N,N,0,0,0
ãá,N,N,N,0,0,0
ãã,N,N,N,0,0,0
ãç,N,N,N,0,0,0
ãè,N,N,N,0,0,0
ãé,N,N,N,0,0,0
ãì,N,N,N,0,0,0
ãí,N,N,N,0,0,0
ãò,N,N,N,0,0,0
ãó,N,N,N,0,0,0
ãô,N,N,N,0,0,0
ãõ,N,N,N,0,0,0
ãĩ,N,N,N,0,0,0
ãŋ,N,Y,N,0,7,0
ãũ,N,N,N,0,0,0
ãƒ,N,Y,N,0,8,0
ãɔ,N,N,N,0,0,0
ãɖ,N,Y,N,0,16,0
ãɛ,N,N,N,0,0,0
ãɣ,N,Y,N,0,5,0
ãʋ,N,N,N,0,0,0
ãẽ,N,N,N,0,0,0
ça,N,Y,Y,0,2,2
çb,N,N,N,0,0,0
çc,N,N,N,0,0,0
çd,N,N,N,0,0,0
çe,N,N,N,0,0,0
çf,N,N,N,0,0,0
çg,N,N,N,0,0,0
çh,N,N,N,0,0,0
çi,N,N,N,0,0,0
çj,N,N,N,0,0,0
çk,N,N,N,0,0,0
çl,N,N,N,0,0,0
çm,N,N,N,0,0,0
çn,N,N,N,0,0,0
ço,N,N,N,0,1,1
çp,N,N,N,0,0,0
çq,N,N,N,0,0,0
çr,N,N,N,0,0,0
çs,N,N,N,0,0,0
çt,N,N,N,0,0,0
çu,N,N,N,0,0,0
çv,N,N,N,0,0,0
çw,N,N,N,0,0,0
çx,N,N,N,0,0,0
çy,N,N,N,0,0,0
çz,N,N,N,0,0,0
çà,N,N,N,0,0,0
çá,N,N,N,0,0,0
çã,N,Y,N,0,3,0
çç,N,N,N,0,0,0
çè,N,N,N,0,0,0
çé,N,N,N,0,0,0
çì,N,N,N,0,0,0
çí,N,N,N,0,0,0
çò,N,N,N,0,0,0
çó,N,N,N,0,0,0
çô,N,N,N,0,0,0
çõ,N,Y,N,0,3,0
çĩ,N,N,N,0,0,0
çŋ,N,N,N,0,0,0
çũ,N,N,N,0,0,0
çƒ,N,N,N,0,0,0
çɔ,N,N,N,0,0,0
çɖ,N,N,N,0,0,0
çɛ,N,N,N,0,0,0
çɣ,N,N,N,0,0,0
çʋ,N,N,N,0,0,0
çẽ,N,N,N,0,0,0
èa,N,N,N,0,0,0
èb,Y,Y,N,10,15,0
èc,N,N,N,0,0,0
èd,Y,Y,N,18,37,0
èe,N,N,N,0,0,0
èf,Y,Y,N,5,8,0
èg,Y,Y,N,21,111,0
èh,Y,Y,N,3,11,0
èi,N,N,N,0,0,0
èj,N,N,N,0,0,0
èk,Y,Y,N,14,24,0
èl,Y,Y,N,4,12,0
èm,N,Y,N,1,3,0
èn,Y,Y,N,13,28,0
èo,N,N,N,0,0,0
èp,N,N,N,0,0,0
èq,N,N,N,0,0,0
èr,N,N,N,0,0,0
ès,Y,Y,N,4,11,0
èt,Y,Y,N,17,31,0
èu,N,N,N,0,0,0
èv,Y,Y,N,4,6,0
èw,Y,Y,N,5,13,0
èx,Y,Y,N,6,9,0
èy,Y,Y,N,6,10,0
èz,Y,Y,N,5,5,0
èà,N,N,N,0,0,0
èá,N,N,N,0,0,0
èã,N,N,N,0,0,0
èç,N,N,N,0,0,0
èè,N,N,N,0,0,0
èé,N,N,N,0,0,0
èì,N,N,N,0,0,0
èí,N,N,N,0,0,0
èò,N,N,N,0,0,0
èó,N,N,N,0,0,0
èô,N,N,N,0,0,0
èõ,N,N,N,0,0,0
èĩ,N,N,N,0,0,0
èŋ,Y,Y,N,3,5,0
èũ,N,N,N,0,0,0
èƒ,Y,Y,N,3,7,0
èɔ,N,N,N,0,0,0
èɖ,Y,Y,N,14,15,0
èɛ,N,N,N,0,0,0
èɣ,Y,Y,N,2,2,0
èʋ,Y,Y,N,2,2,0
èẽ,N,N,N,0,0,0
éa,N,Y,Y,0,13,11
éb,N,N,N,0,1,0
éc,N,N,N,0,0,0
éd,N,Y,N,0,2,0
ée,N,Y,Y,0,19,19
éf,N,N,N,0,0,0
ég,N,Y,N,0,3,0
éh,N,N,N,0,0,0
éi,N,N,N,0,0,0
éj,N,N,N,0,0,0
ék,N,N,N,0,0,0
él,N,Y,N,0,37,0
ém,N,Y,Y,0,12,11
én,N,Y,N,0,12,0
éo,N,N,N,0,0,0
ép,N,N,N,1,0,0
éq,N,N,N,0,0,0
ér,N,N,N,0,0,0
és,N,N,N,0,1,0
ét,N,Y,N,0,3,0
éu,N,N,N,0,0,0
év,N,Y,N,0,4,0
éw,N,N,N,0,0,0
éx,N,N,N,0,0,0
éy,N,N,N,0,0,0
éz,N,N,N,0,0,0
éà,N,N,N,0,0,0
éá,N,N,N,0,0,0
éã,N,N,N,0,0,0
éç,N,N,N,0,0,0
éè,N,N,N,0,0,0
éé,N,N,N,0,0,0
éì,N,N,N,0,0,0
éí,N,N,N,0,0,0
éò,N,N,N,0,0,0
éó,N,N,N,0,0,0
éô,N,N,N,0,0,0
éõ,N,N,N,0,0,0
éĩ,N,N,N,0,0,0
éŋ,N,N,N,0,1,0
éũ,N,N,N,0,0,0
éƒ,N,N,N,0,1,0
éɔ,N,N,N,0,0,0
éɖ,N,N,N,0,1,0
éɛ,N,N,N,0,0,0
éɣ,N,N,N,0,1,0
éʋ,N,N,N,0,0,0
éẽ,N,N,N,0,0,0
ìa,N,Y,N,0,2,1
ìb,N,N,N,0,0,0
ìc,N,N,N,0,0,0
ìd,N,N,N,0,0,0
ìe,N,N,N,0,1,0
ìf,N,N,N,0,0,0
ìg,N,N,N,0,0,0
ìh,N,N,N,0,0,0
ìi,N,N,N,0,0,0
ìj,N,N,N,0,0,0
ìk,N,N,N,0,0,0
ìl,N,N,N,0,0,0
ìm,N,N,N,0,0,0
ìn,N,N,N,0,0,0
ìo,N,N,N,0,0,0
ìp,N,N,N,0,0,0
ìq,N,N,N,0,0,0
ìr,N,N,N,0,0,0
ìs,N,N,N,0,0,0
ìt,N,N,N,0,0,0
ìu,N,N,N,0,0,0
ìv,N,N,N,0,0,0
ìw,N,N,N,0,0,0
ìx,N,N,N,0,0,0
ìy,N,N,N,0,0,0
ìz,N,N,N,0,0,0
ìà,N,N,N,0,0,0
ìá,N,N,N,0,0,0
ìã,N,N,N,0,0,0
ìç,N,N,N,0,0,0
ìè,N,N,N,0,0,0
ìé,N,N,N,0,0,0
ìì,N,N,N,0,0,0
ìí,N,N,N,0,0,0
ìò,N,N,N,0,0,0
ìó,N,N,N,0,0,0
ìô,N,N,N,0,0,0
ìõ,N,N,N,0,0,0
ìĩ,N,N,N,0,0,0
ìŋ,N,N,N,0,0,0
ìũ,N,N,N,0,0,0
ìƒ,N,N,N,0,0,0
ìɔ,N,N,N,0,0,0
ìɖ,N,N,N,0,0,0
ìɛ,N,N,N,0,0,0
ìɣ,N,N,N,0,0,0
ìʋ,N,N,N,0,0,0
ìẽ,N,N,N,0,0,0
ía,N,Y,N,0,146,1
íb,N,Y,N,0,3,0
íc,N,N,N,0,0,0
íd,N,Y,N,0,2,0
íe,N,Y,N,0,202,1
íf,N,N,N,0,0,0
íg,N,Y,N,0,3,0
íh,N,N,N,0,1,0
íi,N,N,N,0,1,1
íj,N,N,N,0,0,0
ík,N,N,N,0,0,0
íl,N,N,N,0,0,0
ím,N,N,N,0,0,0
ín,N,Y,N,0,2,0
ío,N,N,N,0,0,0
íp,N,N,N,0,0,0
íq,N,N,N,0,0,0
ír,N,N,N,0,0,0
ís,N,N,N,0,1,0
ít,N,N,N,0,1,0
íu,N,N,N,0,0,0
ív,N,Y,N,0,4,0
íw,N,Y,N,0,2,0
íx,N,N,N,0,0,0
íy,N,N,N,0,1,0
íz,N,N,N,0,0,0
íà,N,N,N,0,0,0
íá,N,N,N,0,0,0
íã,N,N,N,0,0,0
íç,N,N,N,0,0,0
íè,N,N,N,0,0,0
íé,N,N,N,0,0,0
íì,N,N,N,0,0,0
íí,N,N,N,0,0,0
íò,N,N,N,0,0,0
íó,N,N,N,0,0,0
íô,N,N,N,0,0,0
íõ,N,N,N,0,0,0
íĩ,N,N,N,0,0,0
íŋ,N,N,N,0,0,0
íũ,N,N,N,0,0,0
íƒ,N,N,N,0,0,0
íɔ,N,N,N,0,0,0
íɖ,N,Y,N,0,2,0
íɛ,N,N,N,0,0,0
íɣ,N,N,N,0,0,0
íʋ,N,N,N,0,0,0
íẽ,N,N,N,0,0,0
òa,N,Y,Y,0,240,9
òb,N,Y,N,0,19,0
òc,N,N,N,0,0,0
òd,N,Y,N,0,50,0
òe,N,Y,Y,0,15,14
òf,N,Y,N,0,15,0
òg,N,Y,N,0,85,0
òh,N,Y,N,0,14,0
òi,N,N,N,0,0,0
òj,N,N,N,0,0,0
òk,N,Y,N,0,36,0
òl,N,Y,N,0,19,0
òm,N,Y,Y,0,40,16
òn,N,Y,N,0,24,0
òo,N,N,N,0,0,0
òp,N,N,N,0,0,0
òq,N,N,N,0,0,0
òr,N,N,N,0,0,0
òs,N,Y,N,0,23,0
òt,N,Y,N,0,50,0
òu,N,N,N,0,0,0
òv,N,Y,N,0,21,0
òw,N,Y,N,0,24,0
òx,N,Y,N,0,10,0
òy,N,Y,N,0,14,0
òz,N,Y,N,0,7,0
òà,N,N,N,0,0,0
òá,N,N,N,0,0,0
òã,N,N,N,0,0,0
òç,N,N,N,0,0,0
òè,N,N,N,0,0,0
òé,N,N,N,0,0,0
òì,N,N,N,0,0,0
òí,N,N,N,0,0,0
òò,N,N,N,0,0,0
òó,N,N,N,0,0,0
òô,N,N,N,0,0,0
òõ,N,N,N,0,0,0
òĩ,N,N,N,0,0,0
òŋ,N,Y,N,0,12,0
òũ,N,N,N,0,0,0
òƒ,N,Y,N,0,15,0
òɔ,N,N,N,0,0,0
òɖ,N,Y,N,0,30,1
òɛ,N,N,N,0,0,0
òɣ,N,Y,N,0,5,0
òʋ,N,Y,N,0,7,0
òẽ,N,N,N,0,0,0
óa,N,N,N,0,0,0
ób,N,N,N,0,0,0
óc,N,N,N,0,0,0
ód,N,N,N,0,0,0
óe,N,N,N,0,0,0
óf,N,N,N,0,0,0
óg,N,N,N,0,1,0
óh,N,N,N,0,0,0
ói,N,N,N,0,0,0
ój,N,N,N,0,0,0
ók,N,N,N,0,0,0
ól,N,N,N,0,0,0
óm,N,N,N,0,1,1
ón,N,N,N,0,0,0
óo,N,N,N,0,0,0
óp,N,N,N,0,0,0
óq,N,N,N,0,0,0
ór,N,N,N,0,0,0
ós,N,N,N,0,1,0
ót,N,N,N,0,0,0
óu,N,N,N,0,0,0
óv,N,N,N,0,0,0
ów,N,N,N,0,0,0
óx,N,N,N,0,1,0
óy,N,N,N,0,0,0
óz,N,N,N,0,0,0
óà,N,N,N,0,0,0
óá,N,N,N,0,0,0
óã,N,N,N,0,0,0
óç,N,N,N,0,0,0
óè,N,N,N,0,0,0
óé,N,N,N,0,0,0
óì,N,N,N,0,0,0
óí,N,N,N,0,0,0
óò,N,N,N,0,0,0
óó,N,N,N,0,0,0
óô,N,N,N,0,0,0
óõ,N,N,N,0,0,0
óĩ,N,N,N,0,0,0
óŋ,N,N,N,0,0,0
óũ,N,N,N,0,0,0
óƒ,N,N,N,0,0,0
óɔ,N,N,N,0,0,0
óɖ,N,N,N,0,0,0
óɛ,N,N,N,0,0,0
óɣ,N,N,N,0,0,0
óʋ,N,N,N,0,0,0
óẽ,N,N,N,0,0,0
ôa,N,N,N,0,0,0
ôb,N,N,N,0,0,0
ôc,N,N,N,0,0,0
ôd,N,N,N,0,0,0
ôe,N,N,N,0,0,0
ôf,N,N,N,0,0,0
ôg,N,N,N,0,0,0
ôh,N,N,N,0,0,0
ôi,N,N,N,0,0,0
ôj,N,N,N,0,0,0
ôk,N,N,N,0,0,0
ôl,N,N,N,0,0,0
ôm,N,N,N,0,0,0
ôn,N,N,N,0,1,0
ôo,N,N,N,0,0,0
ôp,N,N,N,0,0,0
ôq,N,N,N,0,0,0
ôr,N,N,N,0,0,0
ôs,N,N,N,0,0,0
ôt,N,N,N,0,0,0
ôu,N,N,N,0,0,0
ôv,N,N,N,0,0,0
ôw,N,N,N,0,0,0
ôx,N,N,N,0,0,0
ôy,N,N,N,0,0,0
ôz,N,N,N,0,0,0
ôà,N,N,N,0,0,0
ôá,N,N,N,0,0,0
ôã,N,N,N,0,0,0
ôç,N,N,N,0,0,0
ôè,N,N,N,0,0,0
ôé,N,N,N,0,0,0
ôì,N,N,N,0,0,0
ôí,N,N,N,0,0,0
ôò,N,N,N,0,0,0
ôó,N,N,N,0,0,0
ôô,N,N,N,0,0,0
ôõ,N,N,N,0,0,0
ôĩ,N,N,N,0,0,0
ôŋ,N,N,N,0,0,0
ôũ,N,N,N,0,0,0
ôƒ,N,N,N,0,0,0
ôɔ,N,N,N,0,0,0
ôɖ,N,N,N,0,0,0
ôɛ,N,N,N,0,0,0
ôɣ,N,N,N,0,0,0
ôʋ,N,N,N,0,0,0
ôẽ,N,N,N,0,0,0
õa,N,Y,Y,0,2,2
õb,N,N,N,0,0,0
õc,N,N,N,0,0,0
õd,N,N,N,0,0,0
õe,N,Y,Y,0,6,2
õf,N,N,N,0,0,0
õg,N,N,N,0,0,0
õh,N,N,N,0,0,0
õi,N,N,N,0,0,0
õj,N,N,N,0,0,0
õk,N,N,N,0,1,0
õl,N,N,N,0,1,0
õm,N,N,N,0,0,0
õn,N,Y,N,0,2,0
õo,N,N,N,0,0,0
õp,N,N,N,0,0,0
õq,N,N,N,0,0,0
õr,N,N,N,0,0,0
õs,N,N,N,0,0,0
õt,N,N,N,0,0,0
õu,N,N,N,0,0,0
õv,N,N,N,0,0,0
õw,N,N,N,0,0,0
õx,N,N,N,0,0,0
õy,N,N,N,0,0,0
õz,N,N,N,0,0,0
õà,N,N,N,0,0,0
õá,N,N,N,0,0,0
õã,N,N,N,0,0,0
õç,N,N,N,0,0,0
õè,N,N,N,0,0,0
õé,N,N,N,0,0,0
õì,N,N,N,0,0,0
õí,N,N,N,0,0,0
õò,N,N,N,0,0,0
õó,N,N,N,0,0,0
õô,N,N,N,0,0,0
õõ,N,N,N,0,0,0
õĩ,N,N,N,0,0,0
õŋ,N,N,N,0,0,0
õũ,N,N,N,0,0,0
õƒ,N,N,N,0,0,0
õɔ,N,N,N,0,0,0
õɖ,N,N,N,0,0,0
õɛ,N,N,N,0,0,0
õɣ,N,N,N,0,0,0
õʋ,N,N,N,0,0,0
õẽ,N,N,N,0,0,0
ĩa,N,Y,Y,0,16,8
ĩb,N,N,N,0,1,0
ĩc,N,N,N,0,0,0
ĩd,N,Y,N,0,6,0
ĩe,N,Y,Y,0,8,3
ĩf,N,N,N,0,1,0
ĩg,N,N,N,0,0,0
ĩh,N,N,N,0,1,0
ĩi,N,Y,Y,0,7,7
ĩj,N,N,N,0,0,0
ĩk,N,Y,N,0,3,0
ĩl,N,Y,N,0,12,0
ĩm,N,Y,N,0,3,1
ĩn,N,N,N,0,1,0
ĩo,N,N,N,0,0,0
ĩp,N,N,N,0,0,0
ĩq,N,N,N,0,0,0
ĩr,N,N,N,0,0,0
ĩs,N,N,N,0,0,0
ĩt,N,Y,N,0,5,0
ĩu,N,N,N,0,0,0
ĩv,N,N,N,0,0,0
ĩw,N,Y,N,0,9,0
ĩx,N,N,N,0,0,0
ĩy,N,N,N,0,0,0
ĩz,N,N,N,0,1,0
ĩà,N,N,N,0,0,0
ĩá,N,N,N,0,0,0
ĩã,N,N,N,0,0,0
ĩç,N,N,N,0,0,0
ĩè,N,N,N,0,0,0
ĩé,N,N,N,0,0,0
ĩì,N,N,N,0,0,0
ĩí,N,N,N,0,0,0
ĩò,N,N,N,0,0,0
ĩó,N,N,N,0,0,0
ĩô,N,N,N,0,0,0
ĩõ,N,N,N,0,0,0
ĩĩ,N,N,N,0,0,0
ĩŋ,N,N,N,0,0,0
ĩũ,N,N,N,0,0,0
ĩƒ,N,N,N,0,1,0
ĩɔ,N,N,N,0,0,0
ĩɖ,N,N,N,0,0,0
ĩɛ,N,N,N,0,0,0
ĩɣ,N,N,N,0,0,0
ĩʋ,N,N,N,0,0,0
ĩẽ,N,N,N,0,0,0
ŋa,Y,N,N,2,0,0
ŋb,N,N,N,0,0,0
ŋc,N,N,N,0,0,0
ŋd,Y,N,N,12,0,0
ŋe,Y,Y,Y,8,51,27
ŋf,N,N,N,0,0,0
ŋg,Y,Y,N,28,18,0
ŋh,N,N,N,0,0,0
ŋi,N,N,N,1,0,0
ŋj,N,N,N,0,0,0
ŋk,Y,Y,N,92,92,0
ŋl,Y,Y,N,7,97,0
ŋm,N,N,N,0,0,0
ŋn,N,N,N,0,0,0
ŋo,N,N,N,0,0,0
ŋp,N,N,N,0,0,0
ŋq,N,N,N,0,0,0
ŋr,N,N,N,0,0,0
ŋs,N,N,N,0,0,0
ŋt,N,Y,N,0,4,0
ŋu,Y,Y,Y,288,259,25
ŋv,N,N,N,0,0,0
ŋw,N,N,N,0,0,0
ŋx,N,N,N,0,0,0
ŋy,N,N,N,0,0,0
ŋz,N,N,N,0,0,0
ŋà,N,N,N,0,0,0
ŋá,N,N,N,0,0,0
ŋã,N,N,N,0,0,0
ŋç,N,N,N,0,0,0
ŋè,N,N,N,0,0,0
ŋé,N,N,N,0,0,0
ŋì,N,N,N,0,0,0
ŋí,N,N,N,0,0,0
ŋò,N,N,N,0,0,0
ŋó,N,N,N,0,0,0
ŋô,N,N,N,0,0,0
ŋõ,N,N,N,0,0,0
ŋĩ,N,N,N,0,0,0
ŋŋ,N,N,N,0,0,0
ŋũ,N,N,N,0,0,0
ŋƒ,N,N,N,0,0,0
ŋɔ,Y,Y,Y,57,53,13
ŋɖ,N,N,N,0,0,0
ŋɛ,N,N,N,0,0,0
ŋɣ,N,N,N,0,0,0
ŋʋ,N,N,N,0,0,0
ŋẽ,N,N,N,0,1,0
ũa,N,N,N,0,1,1
ũb,N,N,N,0,0,0
ũc,N,N,N,0,0,0
ũd,N,N,N,0,1,0
ũe,N,N,N,0,0,0
ũf,N,N,N,0,0,0
ũg,N,N,N,0,0,0
ũh,N,N,N,0,1,0
ũi,N,N,N,0,0,0
ũj,N,N,N,0,0,0
ũk,N,N,N,0,0,0
ũl,N,N,N,0,0,0
ũm,N,Y,Y,0,2,2
ũn,N,Y,N,0,2,0
ũo,N,N,N,0,0,0
ũp,N,N,N,0,0,0
ũq,N,N,N,0,0,0
ũr,N,N,N,0,0,0
ũs,N,N,N,0,0,0
ũt,N,N,N,0,0,0
ũu,N,Y,Y,0,7,5
ũv,N,N,N,0,0,0
ũw,N,N,N,0,1,0
ũx,N,Y,N,0,2,0
ũy,N,N,N,0,0,0
ũz,N,N,N,0,0,0
ũà,N,N,N,0,0,0
ũá,N,N,N,0,0,0
ũã,N,N,N,0,0,0
ũç,N,N,N,0,0,0
ũè,N,N,N,0,0,0
ũé,N,N,N,0,0,0
ũì,N,N,N,0,0,0
ũí,N,N,N,0,0,0
ũò,N,N,N,0,0,0
ũó,N,N,N,0,0,0
ũô,N,N,N,0,0,0
ũõ,N,N,N,0,0,0
ũĩ,N,N,N,0,0,0
ũŋ,N,N,N,0,1,0
ũũ,N,N,N,0,0,0
ũƒ,N,N,N,0,0,0
ũɔ,N,N,N,0,0,0
ũɖ,N,Y,N,0,2,0
ũɛ,N,N,N,0,0,0
ũɣ,N,N,N,0,0,0
ũʋ,N,N,N,0,1,0
ũẽ,N,N,N,0,0,0
ƒa,Y,Y,Y,3,6,4
ƒb,N,N,N,0,0,0
ƒc,N,N,N,0,0,0
ƒd,N,N,N,0,0,0
ƒe,Y,Y,Y,10,448,186
ƒf,N,N,N,0,0,0
ƒg,N,N,N,0,0,0
ƒh,N,N,N,0,0,0
ƒi,Y,Y,Y,5,6,2
ƒj,N,N,N,0,0,0
ƒk,N,N,N,0,0,0
ƒl,Y,Y,N,10,64,0
ƒm,N,N,N,0,0,0
ƒn,N,N,N,0,0,0
ƒo,Y,Y,Y,56,295,95
ƒp,N,N,N,0,0,0
ƒq,N,N,N,0,0,0
ƒr,N,N,N,0,0,0
ƒs,N,N,N,0,0,0
ƒt,N,N,N,0,0,0
ƒu,Y,Y,Y,71,75,38
ƒv,N,N,N,0,0,0
ƒw,N,N,N,0,0,0
ƒx,N,N,N,0,0,0
ƒy,N,N,N,0,0,0
ƒz,N,N,N,0,0,0
ƒà,N,N,N,0,0,0
ƒá,N,N,N,0,0,0
ƒã,Y,Y,Y,6,38,23
ƒç,N,N,N,0,0,0
ƒè,N,N,N,0,0,0
ƒé,N,N,N,0,0,0
ƒì,N,N,N,0,0,0
ƒí,N,N,N,0,0,0
ƒò,N,N,N,0,0,0
ƒó,N,N,N,0,0,0
ƒô,N,N,N,0,0,0
ƒõ,N,N,N,0,0,0
ƒĩ,N,N,N,0,0,0
ƒŋ,N,N,N,0,0,0
ƒũ,N,N,N,0,0,0
ƒƒ,N,N,N,0,0,0
ƒɔ,N,N,N,1,0,0
ƒɖ,N,N,N,0,0,0
ƒɛ,N,N,N,0,0,0
ƒɣ,N,N,N,0,0,0
ƒʋ,N,N,N,0,0,0
ƒẽ,N,N,N,0,1,1
ɔa,N,Y,Y,0,353,264
ɔb,N,Y,N,0,99,0
ɔc,N,N,N,0,0,0
ɔd,N,Y,N,0,255,1
ɔe,N,Y,Y,0,615,536
ɔf,N,Y,N,0,33,0
ɔg,N,Y,N,0,196,0
ɔh,N,Y,N,0,15,0
ɔi,N,N,N,0,0,0
ɔj,N,N,N,0,0,0
ɔk,N,Y,N,0,200,0
ɔl,N,Y,N,0,446,0
ɔm,N,Y,Y,1,475,171
ɔn,N,Y,Y,0,557,4
ɔo,N,N,N,0,0,0
ɔp,N,N,N,0,0,0
ɔq,N,N,N,0,0,0
ɔr,N,N,N,0,0,0
ɔs,N,Y,N,0,201,1
ɔt,N,Y,N,0,259,0
ɔu,N,N,N,0,0,0
ɔv,N,Y,N,0,92,0
ɔw,N,Y,N,0,563,1
ɔx,N,Y,N,0,50,0
ɔy,N,Y,N,0,24,0
ɔz,N,Y,N,0,30,0
ɔà,N,N,N,0,0,0
ɔá,N,N,N,0,0,0
ɔã,N,N,N,0,1,0
ɔç,N,N,N,0,0,0
ɔè,N,N,N,0,0,0
ɔé,N,N,N,0,0,0
ɔì,N,N,N,0,0,0
ɔí,N,N,N,0,0,0
ɔò,N,N,N,0,0,0
ɔó,N,N,N,0,0,0
ɔô,N,N,N,0,0,0
ɔõ,N,N,N,0,0,0
ɔĩ,N,N,N,0,0,0
ɔŋ,N,Y,N,0,68,1
ɔũ,N,N,N,0,0,0
ɔƒ,N,Y,N,0,60,0
ɔɔ,N,Y,Y,0,5,4
ɔɖ,N,Y,N,0,121,1
ɔɛ,N,N,N,0,0,0
ɔɣ,N,Y,N,0,30,0
ɔʋ,N,Y,N,0,25,0
ɔẽ,N,Y,N,0,2,1
ɖa,Y,Y,Y,114,295,38
ɖb,N,N,N,0,0,0
ɖc,N,N,N,0,0,0
ɖd,N,N,N,0,0,0
ɖe,Y,Y,Y,110,348,93
ɖf,N,N,N,0,0,0
ɖg,N,N,N,0,0,0
ɖh,N,N,N,0,0,0
ɖi,Y,Y,Y,38,282,104
ɖj,N,N,N,0,0,0
ɖk,N,N,N,0,0,0
ɖl,N,N,N,0,0,0
ɖm,N,N,N,0,0,0
ɖn,N,N,N,0,0,0
ɖo,Y,Y,Y,67,270,90
ɖp,N,N,N,0,0,0
ɖq,N,N,N,0,0,0
ɖr,N,N,N,0,0,0
ɖs,N,N,N,0,1,0
ɖt,N,N,N,0,0,0
ɖu,Y,Y,Y,40,271,83
ɖv,N,N,N,0,0,0
ɖw,N,N,N,0,0,0
ɖx,N,N,N,0,0,0
ɖy,N,N,N,0,0,0
ɖz,N,N,N,0,0,0
ɖà,N,N,N,0,0,0
ɖá,N,N,N,0,0,0
ɖã,N,N,N,0,0,0
ɖç,N,N,N,0,0,0
ɖè,N,N,N,0,0,0
ɖé,N,N,N,0,0,0
ɖì,N,N,N,0,1,1
ɖí,N,N,N,0,0,0
ɖò,N,N,N,0,0,0
ɖó,N,N,N,0,0,0
ɖô,N,N,N,0,0,0
ɖõ,N,N,N,0,0,0
ɖĩ,N,N,N,0,0,0
ɖŋ,N,N,N,0,0,0
ɖũ,N,N,N,0,0,0
ɖƒ,N,N,N,0,0,0
ɖɔ,Y,Y,Y,29,62,30
ɖɖ,N,N,N,0,0,0
ɖɛ,N,Y,N,0,2,1
ɖɣ,N,N,N,0,0,0
ɖʋ,N,N,N,0,0,0
ɖẽ,N,N,N,0,0,0
ɛa,N,Y,Y,0,30,10
ɛb,N,N,N,0,1,0
ɛc,N,N,N,0,0,0
ɛd,N,N,N,0,1,0
ɛe,N,Y,Y,0,16,15
ɛf,N,N,N,0,0,0
ɛg,N,N,N,0,0,0
ɛh,N,N,N,0,0,0
ɛi,N,N,N,0,0,0
ɛj,N,N,N,0,0,0
ɛk,N,Y,N,0,3,0
ɛl,N,Y,N,0,5,0
ɛm,N,Y,N,0,2,1
ɛn,N,Y,N,0,5,0
ɛo,N,N,N,0,0,0
ɛp,N,N,N,0,1,0
ɛq,N,N,N,0,0,0
ɛr,N,N,N,0,0,0
ɛs,N,N,N,0,1,0
ɛt,N,Y,N,0,16,0
ɛu,N,N,N,0,0,0
ɛv,N,Y,N,0,3,0
ɛw,N,Y,N,0,46,0
ɛx,N,N,N,0,1,0
ɛy,N,N,N,0,0,0
ɛz,N,N,N,0,0,0
ɛà,N,N,N,0,0,0
ɛá,N,N,N,0,0,0
ɛã,N,N,N,0,0,0
ɛç,N,N,N,0,0,0
ɛè,N,N,N,0,0,0
ɛé,N,N,N,0,0,0
ɛì,N,N,N,0,0,0
ɛí,N,N,N,0,0,0
ɛò,N,N,N,0,0,0
ɛó,N,N,N,0,0,0
ɛô,N,N,N,0,0,0
ɛõ,N,N,N,0,0,0
ɛĩ,N,N,N,0,0,0
ɛŋ,N,N,N,0,0,0
ɛũ,N,N,N,0,0,0
ɛƒ,N,Y,N,0,4,0
ɛɔ,N,N,N,0,0,0
ɛɖ,N,N,N,0,0,0
ɛɛ,N,N,N,0,0,0
ɛɣ,N,N,N,0,0,0
ɛʋ,N,N,N,0,0,0
ɛẽ,N,N,N,0,0,0
ɣa,Y,N,N,8,1,0
ɣb,N,N,N,0,0,0
ɣc,N,N,N,0,0,0
ɣd,N,N,N,0,0,0
ɣe,Y,Y,Y,72,20,11
ɣf,N,N,N,0,0,0
ɣg,N,N,N,0,0,0
ɣh,N,N,N,0,0,0
ɣi,Y,Y,Y,7,126,98
ɣj,N,N,N,0,0,0
ɣk,N,N,N,0,0,0
ɣl,Y,Y,N,24,70,0
ɣm,N,N,N,0,0,0
ɣn,N,N,N,0,0,0
ɣo,N,N,N,0,0,0
ɣp,N,N,N,0,0,0
ɣq,N,N,N,0,0,0
ɣr,N,N,N,0,0,0
ɣs,N,N,N,0,0,0
ɣt,N,N,N,0,0,0
ɣu,N,N,N,0,0,0
ɣv,N,N,N,0,0,0
ɣw,N,N,N,0,0,0
ɣx,N,N,N,0,0,0
ɣy,N,N,N,0,0,0
ɣz,N,N,N,0,0,0
ɣà,N,N,N,0,0,0
ɣá,N,N,N,0,0,0
ɣã,N,N,N,0,0,0
ɣç,N,N,N,0,0,0
ɣè,N,N,N,0,0,0
ɣé,N,N,N,0,0,0
ɣì,N,N,N,0,0,0
ɣí,N,N,N,0,0,0
ɣò,N,N,N,0,0,0
ɣó,N,N,N,0,0,0
ɣô,N,N,N,0,0,0
ɣõ,N,N,N,0,0,0
ɣĩ,N,N,N,0,0,0
ɣŋ,N,N,N,0,0,0
ɣũ,N,N,N,0,0,0
ɣƒ,N,N,N,0,0,0
ɣɔ,N,N,N,0,0,0
ɣɖ,N,N,N,0,0,0
ɣɛ,N,N,N,0,0,0
ɣɣ,N,N,N,0,0,0
ɣʋ,N,N,N,0,0,0
ɣẽ,N,N,N,0,0,0
ʋa,Y,Y,Y,7,151,4
ʋb,N,N,N,0,0,0
ʋc,N,N,N,0,0,0
ʋd,N,N,N,0,0,0
ʋe,Y,Y,Y,22,32,7
ʋf,N,N,N,0,0,0
ʋg,N,N,N,0,0,0
ʋh,N,N,N,0,0,0
ʋi,Y,Y,N,5,8,0
ʋj,N,N,N,0,0,0
ʋk,N,N,N,0,0,0
ʋl,Y,Y,N,8,35,0
ʋm,N,N,N,0,0,0
ʋn,N,N,N,0,1,0
ʋo,N,N,N,0,0,0
ʋp,N,N,N,0,0,0
ʋq,N,N,N,0,0,0
ʋr,N,N,N,0,0,0
ʋs,N,N,N,0,0,0
ʋt,N,N,N,0,0,0
ʋu,Y,Y,Y,49,104,56
ʋv,N,N,N,0,0,0
ʋw,N,N,N,0,0,0
ʋx,N,N,N,0,0,0
ʋy,N,N,N,0,0,0
ʋz,N,N,N,0,0,0
ʋà,N,N,N,0,0,0
ʋá,N,N,N,0,0,0
ʋã,Y,Y,Y,6,34,18
ʋç,N,N,N,0,0,0
ʋè,N,N,N,0,0,0
ʋé,N,N,N,0,0,0
ʋì,N,N,N,0,0,0
ʋí,N,N,N,0,0,0
ʋò,N,N,N,0,0,0
ʋó,N,N,N,0,0,0
ʋô,N,N,N,0,0,0
ʋõ,N,N,N,0,0,0
ʋĩ,Y,Y,Y,2,31,9
ʋŋ,N,N,N,0,0,0
ʋũ,N,N,N,0,0,0
ʋƒ,N,N,N,0,0,0
ʋɔ,Y,Y,Y,27,7,4
ʋɖ,N,N,N,0,0,0
ʋɛ,Y,N,N,4,0,1
ʋɣ,N,N,N,0,0,0
ʋʋ,N,N,N,0,0,0
ʋẽ,Y,Y,Y,3,16,8
ẽa,N,Y,Y,0,43,32
ẽb,N,N,N,0,0,0
ẽc,N,N,N,0,0,0
ẽd,N,Y,N,0,12,0
ẽe,N,Y,Y,0,36,36
ẽf,N,Y,N,0,5,0
ẽg,N,Y,N,0,10,0
ẽh,N,Y,N,0,3,0
ẽi,N,N,N,0,0,0
ẽj,N,N,N,0,0,0
ẽk,N,Y,N,0,18,0
ẽl,N,Y,N,0,16,0
ẽm,N,Y,Y,0,28,18
ẽn,N,Y,N,0,44,0
ẽo,N,N,N,0,0,0
ẽp,N,N,N,0,0,0
ẽq,N,N,N,0,0,0
ẽr,N,N,N,0,0,0
ẽs,N,Y,N,0,3,0
ẽt,N,Y,N,0,33,0
ẽu,N,N,N,0,0,0
ẽv,N,Y,N,0,11,0
ẽw,N,Y,N,0,27,0
ẽx,N,N,N,0,1,0
ẽy,N,N,N,0,0,0
ẽz,N,N,N,0,0,0
ẽà,N,N,N,0,0,0
ẽá,N,N,N,0,0,0
ẽã,N,N,N,0,0,0
ẽç,N,N,N,0,0,0
ẽè,N,N,N,0,0,0
ẽé,N,N,N,0,0,0
ẽì,N,N,N,0,0,0
ẽí,N,N,N,0,0,0
ẽò,N,N,N,0,0,0
ẽó,N,N,N,0,0,0
ẽô,N,N,N,0,0,0
ẽõ,N,N,N,0,0,0
ẽĩ,N,N,N,0,0,0
ẽŋ,N,Y,N,0,14,0
ẽũ,N,N,N,0,0,0
ẽƒ,N,Y,N,0,2,0
ẽɔ,N,N,N,0,0,0
ẽɖ,N,Y,N,0,2,0
ẽɛ,N,N,N,0,0,0
ẽɣ,N,N,N,0,0,0
ẽʋ,N,N,N,0,0,0
ẽẽ,N,N,N,0,0,0
